{
  "config": {
    "k_idx": 4,
    "events_ahead": 100,
    "lookback": 100,
    "batch_size": 64,
    "epochs": 50,
    "learning_rate": 0.0001,
    "criterion": "CrossEntropyLoss",
    "optimizer": "Adam",
    "weight_decay": 0.0,
    "dropout": 0.0,
    "forward_output": "softmax_probabilities",
    "source_notebook": "zcakhaa/DeepLOB-Deep-Convolutional-Neural-Networks-for-Limit-Order-Books:jupyter_pytorch/run_train_pytorch.ipynb"
  },
  "device": "cuda:0",
  "train_shape": [
    149,
    203800
  ],
  "val_shape": [
    149,
    50950
  ],
  "test_shape": [
    149,
    139587
  ],
  "dataset_train_shape": [
    203701,
    1,
    100,
    40
  ],
  "dataset_train_target_shape": [
    203701
  ],
  "best_val_epoch": 10,
  "best_val_loss": 0.8643095905675828,
  "test_acc": 0.7476413741683873,
  "accuracy_score": 0.7476413741683873,
  "classification_report": {
    "0": {
      "precision": 0.7002663115845539,
      "recall": 0.7682980277574872,
      "f1-score": 0.7327063740856844,
      "support": 47915
    },
    "1": {
      "precision": 0.8333176824114941,
      "recall": 0.7387304890738814,
      "f1-score": 0.7831785186329238,
      "support": 48050
    },
    "2": {
      "precision": 0.7214927124227246,
      "recall": 0.7347379546446706,
      "f1-score": 0.7280550970459332,
      "support": 43523
    },
    "accuracy": 0.7476413741683873,
    "macro avg": {
      "precision": 0.7516922354729241,
      "recall": 0.7472554904920131,
      "f1-score": 0.7479799965881805,
      "support": 139488
    },
    "weighted avg": {
      "precision": 0.7527221143196579,
      "recall": 0.7476413741683873,
      "f1-score": 0.7486414295377215,
      "support": 139488
    }
  },
  "model_path": "/ocean/projects/mth250011p/xxiao7/DeepLOB/models/fi_original_notebook/best_val_model_pytorch.pt",
  "loss_plot_path": "/ocean/projects/mth250011p/xxiao7/DeepLOB/results/fi_original_notebook/original_notebook_loss.png",
  "slurm_job_id": "40334287"
}