Model,Accuracy,Cohen κ,MCC,F1-Down,F1-Stat,F1-Up,F1-Weighted,Sharpe-like
Ridge Logistic Regression,0.7099125,0.0044255209646869575,0.031064727082209875,0.001979871308364956,0.8305422180583207,0.007997156566554114,0.5908490774975373,0.000668153253922429
MLP (64-32),0.715575,0.1455499308932433,0.19084711952243963,0.12430157963716632,0.8406867806202439,0.18755085435313262,0.6415339432065263,0.01968158414516714
DeepLOB (k=1 (10 ev)),0.8347,0.5907,0.608,0.626,0.9019,0.6302,0.8216,
